word_id,text,spelling,relation_id
2974,moo,moo,0
2975,moue,moue,0
1,a,a,1
2,eh,eh,1
1,a,a,2
3,uh,uh,2
4,a while (See while),a while,3
5,awhile,awhile,3
7,Abel,Abel,4
6,able,able,4
8,absence,absence,5
9,absents,absents,5
10,abstinence,abstinence,6
11,abstinents,abstinents,6
12,accede,accede,7
13,axseed,axseed,7
14,accepter,accepter,8
15,acceptor,acceptor,8
16,accidence,accidence,9
17,accidents,accidents,9
18,acclamation,acclamation,10
19,acclimation,acclimation,10
20,ad,ad,11
21,add,add,11
22,ade,ade,12
23,aid,aid,12
24,aide,aide,12
25,adherence,adherence,13
26,adherents,adherents,13
27,adieu,adieu,14
28,ado,ado,14
29,adolescence,adolescence,15
30,adolescents,adolescents,15
32,adds,adds,16
31,ads,ads,16
33,adze,adze,16
34,adulteress,adulteress,17
35,adulterous,adulterous,17
36,adventuress,adventuress,18
37,adventurous,adventurous,18
38,aerie,aerie,19
39,aery,aery,19
40,airy,airy,19
41,eyrie,eyrie,19
42,aes,aes,20
43,ayes,ayes,20
44,eyes,eyes,20
45,ai,ai,21
46,aye,aye,21
47,eye,eye,21
48,I,I,21
49,ail,ail,22
50,ale,ale,22
51,ails,ails,23
52,ales,ales,23
53,air,air,24
54,aire,aire,24
55,are,are,24
56,ayr,Ayr,24
57,ayre,ayre,24
59,ere,ere,24
60,err,err,24
61,eyre,eyre,24
62,heir,heir,24
63,airless,airless,25
64,heirless,heirless,25
65,aisle,aisle,26
66,I'll,I'll,26
67,isle,isle,26
68,ait,ait,27
69,ate,ate,27
70,eight,eight,27
71,aitch,aitch,28
72,h,h,28
73,all,all,29
74,awl,awl,29
75,all ready,all ready,30
76,already (2 words/1 word),already,30
77,all together,all together,31
78,altogether (2 words/1 word),altogether,31
79,allowed,allowed,32
80,aloud,aloud,32
81,altar,altar,33
82,alter,alter,33
83,analyst,analyst,34
84,annalist,annalist,34
85,ant,ant,35
86,aunt,aunt,35
87,ante,ante,36
88,anti-,anti-,36
89,auntie,auntie,36
90,aunty,aunty,36
91,apatite,apatite,37
92,appetite,appetite,37
93,apps,apps,38
94,apse,apse,38
95,ar,ar,39
55,are,are,39
96,arc,arc,40
97,ark,ark,40
98,armer,armer,41
99,armor,armor,41
100,as,as,42
101,ass,ass,42
102,asse,asse,42
103,ascent,ascent,43
104,assent,assent,43
105,assistance,assistance,44
106,assistants,assistants,44
107,attendance,attendance,45
108,attendants,attendants,45
109,auger,auger,46
110,augur,augur,46
111,aught,aught,47
112,ought,ought,47
113,auk,auk,48
114,awk,awk,48
115,aural,aural,49
116,oral,oral,49
117,auricle,auricle,50
118,oracle,oracle,50
119,away,away,51
120,aweigh,aweigh,51
121,axel,axel,52
122,axil,axil,52
123,axle,axle,52
124,b,b,53
125,be,be,53
126,bee,bee,53
127,baa,baa,54
128,bah,bah,54
129,bad,bad,55
130,bade,bade,55
131,Baal,Baal,56
132,bail,bail,56
133,bale,bale,56
134,bailed,bailed,57
135,baled,baled,57
136,bailee,bailee,58
137,bailey,bailey,58
138,bailie,bailie,58
139,bailer,bailer,59
140,bailor,bailor,59
141,baler,baler,59
142,bair,bair,60
143,bare,bare,60
144,bear,bear,60
145,bait,bait,61
146,bate,bate,61
147,baited,baited,62
148,bated,bated,62
149,baiting,baiting,63
150,bating,bating,63
151,baize,baize,64
152,bays,bays,64
153,beys,beys,64
154,bald,bald,65
156,balled,balled,65
155,bawled,bawled,65
157,ball,ball,66
158,bawl,bawl,66
159,balm,balm,67
160,bomb,bomb,67
161,baloney,baloney,68
162,bologna,bologna,68
163,ban,ban,69
164,bann,bann,69
165,band,band,70
166,banned,banned,70
167,bar,bar,71
168,barre,barre,71
169,bard,bard,72
170,barred,barred,72
143,bare,bare,73
144,bear,bear,73
171,bark,bark,74
172,barque,barque,74
173,baron,baron,75
174,barren,barren,75
175,basal,basal,76
176,basil,basil,76
177,base,base,77
178,bass,bass,77
179,bases,bases,78
180,basses,basses,78
181,based,based,79
182,baste,baste,79
183,basest,basest,80
184,bassist,bassist,80
185,bask,bask,81
186,basque,basque,81
187,bat,bat,82
188,batt,batt,82
189,baud,baud,83
190,bawd,bawd,83
191,bay,bay,84
192,bey,bey,84
193,bazaar,bazaar,85
194,bizarre,bizarre,85
195,beach,beach,86
196,beech,beech,86
197,bean,bean,87
198,been,been,87
199,beat,beat,88
200,beet,beet,88
201,beau,beau,89
202,bow,bow,89
203,beaut,beaut,90
204,butte,butte,90
198,been,been,91
205,bin,bin,91
206,bine,bine,91
207,beer,beer,92
208,bier,bier,92
209,bees,bees,93
210,bise,bise,93
211,beetle,beetle,94
212,betel,betel,94
213,bel,bel,95
214,bell,bell,95
215,belle,belle,95
216,belligerence,belligerence,96
217,belligerents,belligerents,96
218,berg,berg,97
219,burg,burg,97
220,berries,berries,98
221,buries,buries,98
222,berry,berry,99
223,bury,bury,99
224,berth,berth,100
225,birth,birth,100
226,better,better,101
227,bettor,bettor,101
228,bi,bi,102
229,buy,buy,102
230,by,by,102
231,bye,bye,102
232,bight,bight,103
233,bite,bite,103
234,byte,byte,103
235,billed,billed,104
236,build,build,104
237,bird,bird,105
238,burd,burd,105
239,burred,burred,105
240,bit,bit,106
241,bitt,bitt,106
242,blair,blair,107
243,blare,blare,107
244,blend,blend,108
245,blende,blende,108
246,blew,blew,109
247,blue,blue,109
248,bloc,bloc,110
249,block,block,110
250,boar,boar,111
251,boer,boer,111
252,bore,bore,111
253,board,board,112
254,bored,bored,112
255,boarder,boarder,113
256,border,border,113
257,bocks,bocks,114
258,box,box,114
259,bode,bode,115
260,bowed,bowed,115
261,bodies,bodies,116
262,body's,body's,116
263,bogey,bogey,117
264,bogie,bogie,117
265,bogy,bogy,117
266,bold,bold,118
267,bowled,bowled,118
268,bolder,bolder,119
269,boulder,boulder,119
270,bole,bole,120
271,boll,boll,120
272,bowl,bowl,120
273,boos,boos,121
274,booze,booze,121
275,bootee,bootee,122
276,booty,booty,122
277,born,born,123
279,bourn,bourn,123
278,bourne,bourne,123
280,borough,borough,124
281,burro,burro,124
282,burrow,burrow,124
283,bough,bough,125
202,bow,bow,125
284,boullion,boullion,126
285,bullion,bullion,126
286,boy,boy,127
287,buoy,buoy,127
288,brae,brae,128
289,bray,bray,128
290,braes,braes,129
291,braise,braise,129
292,brays,brays,129
293,braze,braze,129
294,braid,braid,130
295,brayed,brayed,130
296,brake,brake,131
297,break,break,131
298,braking,braking,132
299,breaking,breaking,132
300,brassie,brassie,133
301,brassy,brassy,133
302,breach,breach,134
303,breech,breech,134
304,bread,bread,135
305,bred,bred,135
2722,bree,bree,136
2723,brie,brie,136
308,brewed,brewed,137
309,brood,brood,137
310,brews,brews,138
311,bruise,bruise,138
312,bridal,bridal,139
313,bridle,bridle,139
314,brows,brows,140
315,browse,browse,140
316,bruit,bruit,141
317,brut,brut,141
318,brute,brute,141
319,buccal,buccal,142
320,buckle,buckle,142
321,bundt,bundt,143
322,bunt,bunt,143
2852,birr,birr,144
323,bur,bur,144
324,burr,burr,144
325,burley,burley,145
326,burly,burly,145
327,bus,bus,146
328,buss,buss,146
329,bused,bused,147
330,bussed,bussed,147
331,bust,bust,147
332,but,but,148
333,butt,butt,148
334,buyer,buyer,149
335,byre,byre,149
336,c,c,150
337,cee,cee,150
338,sea,sea,150
339,see,see,150
340,c's,c's,151
341,cees,cees,151
342,seas,seas,151
343,sees,sees,151
344,seize,seize,151
345,cache,cache,152
346,cash,cash,152
347,cached,cached,153
348,cashed,cashed,153
349,caches,caches,154
350,cashes,cashes,154
351,caching,caching,155
352,cashing,cashing,155
353,cachou,cachou,156
354,cashew,cashew,156
355,caddie,caddie,157
356,caddy,caddy,157
357,cadi,cadi,157
358,caird,caird,158
359,cared,cared,158
360,calculous,calculous,159
361,calculus,calculus,159
362,calendar,calendar,160
363,calender,calender,160
364,calix,calix,161
365,calyx,calyx,161
366,calk,calk,162
367,caulk,caulk,162
368,call,call,163
369,caul,caul,163
370,col,col,163
371,callous,callous,164
372,callus,callus,164
373,camara,camara,165
374,camera,camera,165
375,came,came,166
376,kame,kame,166
377,canape,canape,167
378,canopy,canopy,167
380,Cain,Cain,168
379,cane,cane,168
381,canine,canine,169
382,K9,K9,169
383,cannon,cannon,170
384,canon,canon,170
385,can't,can't,171
386,cant,cant,171
387,canter,canter,172
388,cantor,cantor,172
389,canvas,canvas,173
390,canvass,canvass,173
391,capital,capital,174
392,capitol,capitol,174
393,carat,carat,175
394,caret,caret,175
395,carrot,carrot,175
396,karat,karat,175
397,caries,caries,176
398,carries,carries,176
399,carol,carol,177
400,carrel,carrel,177
401,carpal,carpal,178
402,carpel,carpel,178
403,cask,cask,179
404,casque,casque,179
405,cast,cast,180
406,caste,caste,180
407,caster,caster,181
408,castor,castor,181
409,caudal,caudal,182
410,caudle,caudle,182
411,cause,cause,183
412,caws,caws,183
413,cay,cay,184
414,key,key,184
415,quay,quay,184
416,cedar,cedar,185
417,ceder,ceder,185
418,seeder,seeder,185
419,cede,cede,186
420,seed,seed,186
421,ceding,ceding,187
422,seeding,seeding,187
423,ceil,ceil,188
424,seal,seal,188
2724,seel,seel,188
425,ceiling,ceiling,189
426,sealing,sealing,189
427,cel,cel,190
428,cell,cell,190
429,sell,sell,190
430,cellar,cellar,191
431,seller,seller,191
432,cense,cense,192
433,cents,cents,192
434,scents,scents,192
435,sense,sense,192
436,censer,censer,193
437,censor,censor,193
438,senser,senser,193
439,sensor,sensor,193
440,censing,censing,194
441,sensing,sensing,194
442,cent,cent,195
443,scent,scent,195
444,sent,sent,195
445,cerate,cerate,196
446,serrate,serrate,196
447,cere,cere,197
448,sear,sear,197
449,seer,seer,197
450,sere,sere,197
451,cereal,cereal,198
452,serial,serial,198
453,Ceres,Ceres,199
454,series,series,199
455,cession,cession,200
456,session,session,200
457,cete,cete,201
458,seat,seat,201
459,chair,chair,202
460,chare,chare,202
461,chaise,chaise,203
462,shays,shays,203
464,champagne,champagne,204
463,champaign,champaign,204
465,chance,chance,205
466,chants,chants,205
467,chantey,chantey,206
468,chanty,chanty,206
469,shanty,shanty,206
470,chard,chard,207
471,charred,charred,207
472,chary,chary,208
473,cherry,cherry,208
474,chased,chased,209
475,chaste,chaste,209
476,cheap,cheap,210
477,cheep,cheep,210
478,check,check,211
479,cheque,cheque,211
480,Czech,Czech,211
481,chew,chew,212
482,Chou,Chou,212
483,chews,chews,213
484,choose,choose,213
485,chic,chic,214
486,sheik,sheik,214
487,chili,chili,215
488,chilly,chilly,215
489,chin,chin,216
490,chine,chine,216
491,chitin,chitin,217
492,chiton,chiton,217
493,kitten,kitten,217
494,choc,choc,218
495,chock,chock,218
496,choral,choral,219
497,coral,coral,219
498,choir,choir,220
499,quire,quire,220
500,choler,choler,221
501,collar,collar,221
502,chorale,chorale,222
503,corral,corral,222
504,chord,chord,223
505,cord,cord,223
506,cored,cored,223
507,chordate,chordate,224
508,cordate,cordate,224
509,chough,chough,225
510,chuff,chuff,225
511,chrism,chrism,226
512,chrisom,chrisom,226
513,chucker,chucker,227
514,chukker,chukker,227
515,chute,chute,228
516,shoot,shoot,228
517,chyle,chyle,229
518,kill,kill,229
519,kiln,kiln,229
520,cinque,cinque,230
521,sink,sink,230
522,sync,sync,230
520,cinque,cinque,231
523,sank,sank,231
524,cirrous,cirrous,232
525,cirrus,cirrus,232
526,serous,serous,232
527,cist,cist,233
528,cyst,cyst,233
527,cist,cist,234
529,kissed,kissed,234
530,cite,cite,235
531,sight,sight,235
532,site,site,235
533,cited,cited,236
534,sighted,sighted,236
535,sited,sited,236
536,cites,cites,237
537,sights,sights,237
538,sites,sites,237
539,citing,citing,238
540,sighting,sighting,238
541,siting,siting,238
542,clabbered,clabbered,239
543,clapboard,clapboard,239
544,clack,clack,240
545,clacque,clacque,240
546,clairvoyance,clairvoyance,241
547,clairvoyants,clairvoyants,241
548,clause,clause,242
549,claws,claws,242
550,clew,clew,243
551,clue,clue,243
552,click,click,244
553,clique,clique,244
554,climb,climb,245
555,clime,clime,245
556,close,close,246
557,clothes,clothes,246
558,coal,coal,247
559,cole,cole,247
560,kohl,kohl,247
561,coarse,coarse,248
2957,corse,corse,248
562,course,course,248
563,coat,coat,249
564,cote,cote,249
565,coax,coax,250
566,cokes,cokes,250
567,cocks,cocks,251
568,cox,cox,251
569,coco,coco,252
570,cocoa,cocoa,252
571,coddling,coddling,253
572,codling,codling,253
573,coffer,coffer,254
574,cougher,cougher,254
575,coin,coin,255
576,quoin,quoin,255
577,collard,collard,256
578,collared,collared,256
579,colonel,colonel,257
580,kernel,kernel,257
581,color,color,258
582,culler,culler,258
583,come,come,259
584,cum,cum,259
585,competence,competence,260
586,competents,competents,260
587,complacent,complacent,261
588,complaisant,complaisant,261
589,compleat,compleat,262
590,complete,complete,262
591,complement,complement,263
592,compliment,compliment,263
593,con,con,264
594,conn,conn,264
595,khan,khan,264
596,concent,concent,265
597,consent,consent,265
598,concenter,concenter,266
599,consenter,consenter,266
600,conch,conch,267
601,conk,conk,267
602,condescendence,condescendence,268
603,condescendents,condescendents,268
604,confectionary,confectionary,269
605,confectionery,confectionery,269
606,conker,conker,270
607,conquer,conquer,270
608,consulter,consulter,271
609,consultor,consultor,271
610,continence,continence,272
611,continents,continents,272
612,coo,coo,273
613,coup,coup,273
614,coolie,coolie,274
615,coolly,coolly,274
616,coulee,coulee,274
617,cop,cop,275
618,kop,kop,275
619,copped,copped,276
620,copt,copt,276
621,cops,cops,277
622,copse,copse,277
623,coquet,coquet,278
624,coquette,coquette,278
625,core,core,279
626,corps,corps,279
2867,kor,kor,279
627,correspondence,correspondence,280
628,correspondents,correspondents,280
629,cosign,cosign,281
630,cosine,cosine,281
631,cosey,cosey,282
632,cosy,cosy,282
633,cozy,cozy,282
634,council,council,283
635,counsel,counsel,283
637,councillor,councillor,284
636,councilor,councilor,284
639,counsellor,counsellor,284
638,counselor,counselor,284
640,courtesy,courtesy,285
641,curtesy,curtesy,285
642,cousin,cousin,286
643,cozen,cozen,286
644,coward,coward,287
645,cowered,cowered,287
646,coy,coy,288
647,koi,koi,288
648,craft,craft,289
649,kraft,kraft,289
650,crape,crape,290
651,crepe,crepe,290
652,crater,crater,291
653,krater,krater,291
654,creak,creak,292
655,creek,creek,292
656,crewed,crewed,293
657,crude,crude,293
658,crewel,crewel,294
659,cruel,cruel,294
660,crews,crews,295
661,cruise,cruise,295
662,croc,croc,296
663,crock,crock,296
664,cross,cross,297
665,crosse,crosse,297
666,crumby,crumby,298
667,crummie,crummie,298
668,crummy,crummy,298
669,cue,cue,299
670,queue,queue,299
671,curd,curd,300
672,kurd,kurd,300
673,currant,currant,301
674,current,current,301
675,curser,curser,302
676,cursor,cursor,302
677,cygnet,cygnet,303
678,signet,signet,303
679,cymbal,cymbal,304
680,symbol,symbol,304
681,cypress,cypress,305
682,Cyprus,Cyprus,305
683,d,d,306
684,dee,dee,306
685,dam,dam,307
686,damn,damn,307
687,dammed,dammed,308
688,damned,damned,308
689,Dane,Dane,309
690,deign,deign,309
691,days,days,310
692,daze,daze,310
693,dean,dean,311
694,dene,dene,311
695,dear,dear,312
696,deer,deer,312
697,deem,deem,313
698,deme,deme,313
700,Delhi,Delhi,314
699,deli,deli,314
701,dense,dense,315
702,dents,dents,315
703,dental,dental,316
704,dentil,dentil,316
705,dependence,dependence,317
706,dependents,dependents,317
707,descendant,descendant,318
708,descendent,descendent,318
709,descendence,descendence,319
710,descendents,descendents,319
711,desert,desert,320
712,dessert,dessert,320
713,despondence,despondence,321
714,despondents,despondents,321
715,deuce,deuce,322
716,douce,douce,322
717,devel,devel,323
718,devil,devil,323
719,devle,devle,323
720,deviser,deviser,324
721,devisor,devisor,324
722,divisor,divisor,324
723,dew,dew,325
724,do,do,325
725,due,due,325
726,die,die,326
727,dye,dye,326
728,died,died,327
729,dyed,dyed,327
730,dike,dike,328
731,dyke,dyke,328
732,dine,dine,329
733,dyne,dyne,329
734,dire,dire,330
735,dyer,dyer,330
736,disc,disc,331
737,disk,disk,331
738,discreet,discreet,332
739,discrete,discrete,332
724,do,do,333
740,doe,doe,333
741,dough,dough,333
742,doc,doc,334
743,dock,dock,334
744,does,does,335
745,doughs,doughs,335
746,doze,doze,335
747,done,done,336
748,dun,dun,336
749,door,door,337
750,dor,dor,337
751,douse,douse,338
752,dowse,dowse,338
753,dour,dour,339
754,dower,dower,339
755,drachm,drachm,340
756,dram,dram,340
757,draft,draft,341
758,draught,draught,341
759,droop,droop,342
760,drupe,drupe,342
761,dual,dual,343
762,duel,duel,343
763,ducked,ducked,344
764,duct,duct,344
765,dyeing,dyeing,345
766,dying,dying,345
767,e's,e's,346
768,ease,ease,346
769,earn,earn,347
770,erne,erne,347
771,urn,urn,347
772,eave,eave,348
773,eve,eve,348
774,eerie,eerie,349
775,Erie,Erie,349
776,el,el,350
777,ell,ell,350
778,elicit,elicit,351
779,illicit,illicit,351
780,em,em,352
781,m,m,352
782,en,en,353
783,n,n,353
784,epic,epic,354
785,epoch,epoch,354
786,equater,equater,355
787,equator,equator,355
788,equivalence,equivalence,356
789,equivalents,equivalents,356
790,erk,erk,357
791,irk,irk,357
792,eruption,eruption,358
793,irruption,irruption,358
794,eruptive,eruptive,359
795,irruptive,irruptive,359
796,ess,ess,360
797,s,s,360
798,eunuchs,eunuchs,361
799,Unix,Unix,361
800,ewe,ewe,362
801,yew,yew,362
802,you,you,362
803,ewes,ewes,363
804,use,use,363
805,yews,yews,363
2968,youse,yews,363
806,ex,ex,364
807,x,x,364
808,expedience,expedience,365
809,expedients,expedients,365
810,eyed,eyed,366
811,I'd,I'd,366
812,eyelet,eyelet,367
813,islet,islet,367
814,eyer,eyer,368
815,ire,ire,368
816,faery,faery,369
817,fairy,fairy,369
818,faille,faille,370
819,file,file,370
820,phial,phial,370
821,fain,fain,371
822,fane,fane,371
823,feign,feign,371
824,faint,faint,372
825,feint,feint,372
826,fair,fair,373
827,fare,fare,373
828,fairing,fairing,374
829,faring,faring,374
830,faker,faker,375
831,fakir,fakir,375
832,faro,faro,376
833,farrow,farrow,376
834,pharaoh,pharaoh,376
835,fat,fat,377
836,phat,phat,377
837,fatalist,fatalist,378
838,fatelist,fatelist,378
839,fate,fate,379
840,fete,fete,379
841,fated,fated,380
842,feted,feted,380
843,father,father,381
844,fother,fother,381
845,faun,faun,382
846,fawn,fawn,382
847,fay,fay,383
848,fey,fey,383
849,fays,fays,384
850,faze,faze,384
851,phase,phase,384
852,fazed,fazed,385
853,phased,phased,385
854,fazes,fazes,386
855,phases,phases,386
856,fazing,fazing,387
857,phasing,phasing,387
858,feat,feat,388
859,feet,feet,388
2753,feaze,feaze,389
860,fees,fees,389
861,feeze,feeze,389
862,felloe,felloe,390
863,fellow,fellow,390
864,fennel,fennel,391
865,phenyl,phenyl,391
866,ferri-,ferri-,392
867,ferry,ferry,392
869,ferrule,ferrule,393
868,ferule,ferule,393
870,few,few,394
871,phew,phew,394
872,fiance,fiance,395
873,fiancee,fiancee,395
874,fie,fie,396
875,phi,phi,396
876,filet,filet,397
877,fillet,fillet,397
878,fills,fills,398
879,fils,fils,398
880,filter,filter,399
881,philter,philter,399
882,fin,fin,400
883,Finn,Finn,400
884,find,find,401
885,fined,fined,401
886,finish,finish,402
887,Finnish,Finnish,402
2857,fuhrer,fuhrer,403
960,furor,furor,403
961,furore,furore,403
890,firry,firry,404
891,furry,furry,404
892,firs,firs,405
893,furs,furs,405
894,furze,furze,405
895,fisher,fisher,406
896,fissure,fissure,406
897,fishing,fishing,407
898,phishing,phishing,407
899,fizz,fizz,408
900,phiz,phiz,408
901,flack,flack,409
902,flak,flak,409
903,flair,flair,410
904,flare,flare,410
905,flea,flea,411
906,flee,flee,411
907,flecks,flecks,412
908,flex,flex,412
909,flew,flew,413
910,flu,flu,413
911,flue,flue,413
912,flier,flier,414
913,flyer,flyer,414
914,floc,floc,415
915,flock,flock,415
916,flocks,flocks,416
917,phlox,phlox,416
918,floe,floe,417
919,flow,flow,417
920,floes,floes,418
921,flows,flows,418
922,florescence,florescence,419
2796,florescents,florescents,419
923,fluorescence,fluorescence,419
924,flour,flour,420
925,flower,flower,420
926,foaled,foaled,421
927,fold,fold,421
928,for,for,422
929,fore,fore,422
930,four,four,422
931,forbear,forbear,423
932,forebear,forebear,423
933,forego,forego,424
934,forgo,forgo,424
935,foreward,foreward,425
936,forward,forward,425
937,form,form,426
938,forme,forme,426
939,fort,fort,427
940,forte,forte,427
941,forth,forth,428
942,fourth,fourth,428
943,foul,foul,429
944,fowl,fowl,429
945,fraise,fraise,430
946,frays,frays,430
947,phrase,phrase,430
948,franc,franc,431
949,frank,frank,431
950,frees,frees,432
951,freeze,freeze,432
952,frieze,frieze,432
953,friar,friar,433
954,frier,frier,433
955,fryer,fryer,433
956,fro,fro,434
957,froe,froe,434
958,fungous,fungous,435
959,fungus,fungus,435
962,g,g,437
963,gee,gee,437
964,Gael,Gael,438
965,gale,gale,438
966,gaff,gaff,440
967,gaffe,gaffe,440
968,gage,gage,441
969,gauge,gauge,441
970,gaht,gaht,442
971,gat,gat,442
972,gait,gait,443
973,gate,gate,443
974,gaiter,gaiter,444
975,gator,gator,444
977,gaited,gaited,445
976,gated,gated,445
978,galley,galley,446
979,gally,gally,446
980,gallop,gallop,447
981,galop,galop,447
982,gamble,gamble,448
983,gambol,gambol,448
985,gamin,gamin,449
984,gammon,gammon,449
986,gased,gased,450
987,gassed,gassed,450
2633,gast,gast,450
988,gays,gays,451
989,gaze,gaze,451
990,gel,gel,452
991,jell,jell,452
992,gene,gene,453
993,jean,jean,453
994,gest,gest,454
995,jest,jest,454
996,gibe,gibe,455
997,jibe,jibe,455
998,gild,gild,456
999,gilled,gilled,456
1000,guild,guild,456
1001,gilt,gilt,457
1002,guilt,guilt,457
1003,gin,gin,458
1004,jinn,jinn,458
1005,glair,glair,459
1006,glare,glare,459
1007,glairy,glairy,460
1008,glary,glary,460
1009,gnar,gnar,461
1010,knar,knar,461
1011,gneiss,gneiss,462
1012,nice,nice,462
1013,gnu,gnu,463
1014,knew,knew,463
1015,new,new,463
1016,nu,nu,463
1017,gnus,gnus,464
1018,news,news,464
1019,gofer,gofer,465
1020,gopher,gopher,465
1021,gored,gored,466
1022,gourd,gourd,466
1023,gorilla,gorilla,467
1024,guerilla,guerilla,467
1022,gourd,gourd,468
1025,gourde,gourde,468
1026,graft,graft,469
1027,graphed,graphed,469
1028,grate,grate,470
1029,great,great,470
1031,grade,grade,471
1030,grayed,grayed,471
1032,grays,grays,472
1033,graze,graze,472
1034,grease,grease,473
1035,Greece,Greece,473
1036,greave,greave,474
1037,grieve,grieve,474
1038,greaves,greaves,475
1039,grieves,grieves,475
1041,gray,gray,476
1040,grey,grey,476
1043,grayer,grayer,477
1042,greyer,greyer,477
1044,grievance,grievance,478
1045,grievants,grievants,478
1046,grip,grip,479
1047,grippe,grippe,479
1048,grisly,grisly,480
1049,grizzly,grizzly,480
1050,groan,groan,481
1051,grown,grown,481
1052,grocer,grocer,482
1053,grosser,grosser,482
1054,gros,gros,483
1055,grow,grow,483
1056,guarantee,guarantee,484
1057,guaranty,guaranty,484
1058,guessed,guessed,485
1059,guest,guest,485
1060,guide,guide,486
1061,guyed,guyed,486
1062,guise,guise,487
1063,guys,guys,487
1064,gyve,gyve,488
1065,jive,jive,488
1066,ha ha,ha ha,489
1067,ha-ha,ha-ha,489
1068,hae,hae,490
1069,hay,hay,490
1070,hey,hey,490
1071,haik,haik,491
1072,hike,hike,491
1073,hail,hail,492
1074,hale,hale,492
1075,hair,hair,493
1076,hare,hare,493
1077,hall,hall,494
1078,haul,haul,494
1079,halve,halve,495
1080,have,have,495
1081,halves,halves,496
1082,haves,haves,496
1083,handmade,handmade,497
1084,handmaid,handmaid,497
1085,handsome,handsome,498
1086,hansom,hansom,498
1087,hangar,hangar,499
1088,hanger,hanger,499
1089,hart,hart,500
1090,heart,heart,500
1091,hays,hays,501
1092,haze,haze,501
1095,he'll,he'll,502
1093,heal,heal,502
1094,heel,heel,502
1096,heald,heald,503
1097,healed,healed,503
1098,heeled,heeled,503
1099,hear,hear,504
1100,here,here,504
1101,heard,heard,505
1102,herd,herd,505
1103,hears,hears,506
1104,here's,here's,506
1105,he'd,he'd,507
1106,heed,heed,507
1107,heigh,heigh,508
1110,hi,hi,508
1108,hie,hie,508
1109,high,high,508
1111,height,height,509
1112,hight,hight,509
1113,herds,herds,510
1114,hurds,hurds,510
1115,heroin,heroin,511
1116,heroine,heroine,511
1117,hertz,hertz,512
1118,hurts,hurts,512
1119,hew,hew,513
1120,hue,hue,513
1121,hews,hews,514
1122,hues,hues,514
1123,hic,hic,516
1124,hick,hick,516
1125,hide,hide,517
1126,hied,hied,517
1127,Hyde,Hyde,517
1128,higher,higher,518
1129,hire,hire,518
1130,him,him,519
1131,hymn,hymn,519
1132,hissed,hissed,520
1133,hist,hist,520
1134,ho,ho,521
1135,hoe,hoe,521
1136,whoa,whoa,521
1137,hoar,hoar,522
1138,whore,whore,522
1139,hoard,hoard,523
1140,horde,horde,523
1141,whored,whored,523
1142,hoarse,hoarse,524
1143,horse,horse,524
1144,hoc,hoc,525
1145,hock,hock,525
1146,hough,hough,525
1147,hoes,hoes,526
1148,hose,hose,526
1149,hold,hold,527
1150,holed,holed,527
1151,hole,hole,528
1152,whole,whole,528
1153,holey,holey,529
1154,holy,holy,529
1155,wholly,wholly,529
1156,holm,holm,530
1157,hom,hom,530
1158,home,home,530
1159,hoo,hoo,531
1160,who,who,531
1161,hostel,hostel,532
1162,hostile,hostile,532
1163,hour,hour,533
1164,our,our,533
1165,hours,hours,534
1166,ours,ours,534
1167,house,house,535
1169,how's,how's,535
1168,hows,hows,535
1170,humerus,humerus,536
1171,humorous,humorous,536
1172,idle,idle,537
1174,idol,idol,537
1173,idyll,idyll,537
1175,immanent,immanent,538
1176,imminent,imminent,538
1177,impassable,impassable,539
1178,impassible,impassible,539
1179,impotence,impotence,540
1180,impotents,impotents,540
1181,in,in,541
1182,inn,inn,541
1183,Inc.,Inc.,542
1184,ink,ink,542
1185,incidence,incidence,543
1186,incidents,incidents,543
1187,incite,incite,544
1188,insight,insight,544
1189,inciteful,inciteful,545
1190,insightful,insightful,545
1191,incompetence,incompetence,546
1192,incompetents,incompetents,546
1193,independence,independence,547
1194,independents,independents,547
1195,indict,indict,548
1196,indite,indite,548
1197,inflection,inflection,549
1198,inflexion,inflexion,549
1199,infuser,infuser,550
1200,infusor,infusor,550
1201,innocence,innocence,551
1202,innocents,innocents,551
1204,inns,inns,552
1203,ins,ins,552
1205,installation,installation,553
1206,instillation,instillation,553
1207,instance,instance,554
1208,instants,instants,554
1209,intense,intense,555
1210,intents,intents,555
1211,it's,it's,556
1212,its,its,556
1213,j,j,557
1214,jay,jay,557
1215,jab,jab,558
1216,jabb,jabb,558
1217,jam,jam,559
1218,jamb,jamb,559
1219,jewel,jewel,560
1220,joule,joule,560
1221,Jewry,Jewry,561
1222,jury,jury,561
1223,jinks,jinks,562
1224,jinx,jinx,562
414,key,key,563
415,quay,quay,563
1225,k,k,564
1226,kay,kay,564
1227,kite,kite,565
1228,kyte,kyte,565
1229,knap,knap,566
1230,nap,nap,566
1231,knaves,knaves,567
1232,naves,naves,567
1233,knead,knead,568
1234,kneed,kneed,568
1235,need,need,568
1236,kneaded,kneaded,569
1237,needed,needed,569
1238,knee,knee,570
1239,nee,nee,570
1240,knickers,knickers,571
1241,nickers,nickers,571
1242,knight,knight,572
1243,night,night,572
1244,knit,knit,573
1245,nit,nit,573
1246,knits,knits,574
1247,nits,nits,574
1248,knob,knob,575
1249,nob,nob,575
1250,knobs,knobs,576
1251,nobs,nobs,576
1252,knock,knock,577
1253,nock,nock,577
1254,knot,knot,578
1255,not,not,578
1256,know,know,579
1257,no,no,579
1258,knows,knows,580
1259,noes,noes,580
1260,nose,nose,580
1261,krona,krona,581
1262,krone,krone,581
1264,laager,laager,582
1265,lager,lager,582
1266,logger,logger,582
1267,lac,lac,583
1268,lack,lack,583
1269,laches,laches,584
1270,latches,latches,584
1271,lacks,lacks,585
1272,lax,lax,585
1273,lade,lade,586
1274,laid,laid,586
2840,leid,leid,586
1275,lain,lain,587
1276,lane,lane,587
1277,lam,lam,588
1278,lamb,lamb,588
1279,lama,lama,589
1280,llama,llama,589
1279,lama,lama,590
1281,llamas,llamas,590
1282,lance,lance,591
1283,launce,launce,591
1284,lap,lap,592
1285,Lapp,Lapp,592
1286,Lapps,Lapps,593
1287,laps,laps,593
1288,lapse,lapse,593
1289,lase,lase,594
1290,lays,lays,594
1291,laze,laze,594
1317,leas,leas,594
1292,leis,leis,594
2626,leys,leys,594
1293,laser,laser,595
1294,lazar,lazar,595
2670,lazer,lazer,595
1295,lay,lay,596
1296,lei,lei,596
1297,ley,ley,596
1298,lea,lea,597
1299,lee,lee,597
1300,li,li,597
1301,leach,leach,598
1302,leech,leech,598
1303,leaches,leaches,599
1304,leeches,leeches,599
1305,lead,lead,600
1306,led,led,600
1307,leaf,leaf,601
1308,lief,lief,601
1309,leak,leak,602
1310,leek,leek,602
1311,lean,lean,603
1312,lien,lien,603
1313,leans,leans,604
1314,liens,liens,604
1315,Lear,Lear,605
1316,leer,leer,605
1317,leas,leas,606
1318,lees,lees,606
1319,leased,leased,607
1320,least,least,607
1321,leave,leave,608
1322,lieve,lieve,608
1323,leaven,leaven,609
1324,levin,levin,609
1325,leaver,leaver,610
1326,lever,lever,610
1327,ledger,ledger,611
1328,leger,leger,611
1329,less,less,612
1330,loess,loess,612
1331,lessen,lessen,613
1332,lesson,lesson,613
1333,lesser,lesser,614
1334,lessor,lessor,614
1335,let,let,615
1336,Lett,Lett,615
1337,let's,let's,616
1338,lets,lets,616
1339,Letts,Letts,616
1340,levee,levee,617
1341,levy,levy,617
1342,levees,levees,618
1343,levies,levies,618
1344,liar,liar,619
1345,lier,lier,619
1346,lyre,lyre,619
1347,lice,lice,620
1348,lyse,lyse,620
1349,lichen,lichen,621
1350,liken,liken,621
1351,licht,licht,622
1352,licked,licked,622
1353,licker,licker,623
1354,liquor,liquor,623
1355,lickers,lickers,624
1356,liquors,liquors,624
1357,lie,lie,625
1358,lye,lye,625
1359,lieu,lieu,626
1360,loo,loo,626
1361,lightening,lightening,627
1362,lightning,lightning,627
1363,limb,limb,628
1364,limn,limn,628
1365,limbs,limbs,629
1366,limns,limns,629
1367,links,links,630
1368,lynx,lynx,630
1369,literal,literal,631
1370,littoral,littoral,631
1371,lo,lo,632
1372,low,low,632
1373,load,load,633
1374,lode,lode,633
1375,lowed,lowed,633
1376,loan,loan,634
1377,lone,lone,634
1378,loaner,loaner,635
1379,loner,loner,635
1380,loath,loath,636
1381,loathe,loathe,636
2719,lakh,lakh,637
1382,loch,loch,637
1383,lock,lock,637
2720,lough,lough,637
1384,lochs,lochs,638
1385,locks,locks,638
1386,lox,lox,638
1387,loon,loon,639
1388,lune,lune,639
1389,loop,loop,640
1390,loupe,loupe,640
1391,loos,loos,641
1392,lose,lose,641
1393,loose,loose,642
1394,luce,luce,642
1395,loot,loot,643
1396,lute,lute,643
1397,loots,loots,644
1398,lutes,lutes,644
1399,lux,lux,645
1400,luxe,luxe,645
1401,mach,mach,646
1402,mock,mock,646
1403,made,made,647
1404,maid,maid,647
1405,magnificence,magnificence,648
1406,magnificents,magnificents,648
1407,mail,mail,649
1408,male,male,649
1409,mails,mails,650
1410,males,males,650
1411,main,main,651
1412,Maine,Maine,651
1413,mane,mane,651
1414,maize,maize,652
1415,maze,maze,652
1416,malevolence,malevolence,653
1417,malevolents,malevolents,653
1418,mall,mall,654
1419,maul,maul,654
1420,mandrel,mandrel,655
1421,mandrill,mandrill,655
1422,manila,manila,656
1423,manilla,manilla,656
1424,manner,manner,657
1425,manor,manor,657
1426,manners,manners,658
1427,manors,manors,658
1428,mantel,mantel,659
1429,mantle,mantle,659
1430,marc,marc,660
1431,mark,mark,660
1432,marque,marque,660
1433,marcs,marcs,661
1434,marks,marks,661
1435,marques,marques,661
1436,Marx,Marx,661
1437,marquee,marquee,662
1438,marquis,marquis,662
1439,marshal,marshal,663
1440,martial,martial,663
1441,marten,marten,664
1442,martin,martin,664
1443,mask,mask,665
1444,masque,masque,665
1445,massed,massed,666
1446,mast,mast,666
1447,mat,mat,667
1448,matt,matt,667
1449,matte,matte,667
1450,may be,may be,668
2618,maybe (2 words/1 word),maybe,668
1452,me,me,669
1453,mi,mi,669
1454,mead,mead,670
1455,meed,meed,670
1456,mean,mean,671
2762,mesne,mesne,671
1457,mien,mien,671
1458,meat,meat,672
1459,meet,meet,672
1460,mete,mete,672
1461,meatier,meatier,673
1462,meteor,meteor,673
1463,medal,medal,674
1464,meddle,meddle,674
1465,medals,medals,675
1466,meddles,meddles,675
1467,metal,metal,676
1468,mettle,mettle,676
1469,mewl,mewl,677
1470,mule,mule,677
1471,mews,mews,678
1472,muse,muse,678
1475,mhos,mhos,680
2619,mots,mots,680
1476,mows,mows,680
1477,micks,micks,681
1478,mix,mix,681
1479,might,might,682
1480,mite,mite,682
1481,mil,mil,683
1482,mill,mill,683
1483,millenary,millenary,684
1484,millinery,millinery,684
1485,mince,mince,685
1486,mints,mints,685
1487,mind,mind,686
1488,mined,mined,686
1489,miner,miner,687
1490,minor,minor,687
1491,miners,miners,688
1492,minors,minors,688
1493,minks,minks,689
1494,minx,minx,689
1495,miscible,miscible,690
1496,missable,missable,690
1497,missal,missal,691
1498,missile,missile,691
1499,missals,missals,692
1500,missiles,missiles,692
1501,missed,missed,693
1502,mist,mist,693
1503,misses,misses,694
1504,missus,missus,694
1505,Mrs.,Mrs.,694
1506,moan,moan,695
1507,mown,mown,695
1508,moat,moat,696
1509,mote,mote,696
1510,mode,mode,697
1511,mowed,mowed,697
1512,mood,mood,698
1513,mooed,mooed,698
1514,moose,moose,699
1515,mousse,mousse,699
1516,mordant,mordant,700
1517,mordent,mordent,700
1518,morn,morn,701
1519,mourn,mourn,701
1520,morning,morning,702
1521,mourning,mourning,702
1522,mot,mot,703
1474,mow,mow,703
1523,much,much,704
1524,mutch,mutch,704
1525,mucous,mucous,705
1526,mucus,mucus,705
1527,mur,mur,706
1528,myrrh,myrrh,706
1529,murderess,murderess,707
1530,murderous,murderous,707
1531,muscle,muscle,708
1532,mussel,mussel,708
1533,muscles,muscles,709
1534,mussels,mussels,709
1535,mussed,mussed,710
1536,must,must,710
1537,mustard,mustard,711
1538,mustered,mustered,711
1540,mutual,mutual,712
1539,mutuel,mutuel,712
1541,nae,nae,713
1542,nay,nay,713
1543,Ne,Ne,713
1239,nee,nee,713
1544,neigh,neigh,713
1545,narc,narc,714
1546,nark,nark,714
1547,naval,naval,715
1548,navel,navel,715
1549,neap,neap,716
1550,neep,neep,716
1551,nickel,nickel,717
1552,nickle,nickle,717
1553,nicks,nicks,718
1554,nix,nix,718
1555,none,none,720
1556,nun,nun,720
1557,nonexistence,nonexistence,721
1558,nonexistents,nonexistents,721
1559,non-residence,non-residence,722
1560,non-residents,non-residents,722
1561,noose,noose,723
1562,nous,nous,723
1563,oak,oak,724
1564,oke,oke,724
1565,oar,oar,725
1566,or,or,725
1567,ore,ore,725
1568,oars,oars,726
1569,ores,ores,726
1570,obedience,obedience,727
1571,obedients,obedients,727
1572,od,od,728
1573,odd,odd,728
1574,ode,ode,729
1575,owed,owed,729
1576,oh,oh,730
1577,owe,owe,730
1578,ohs,ohs,731
1579,owes,owes,731
1580,one,one,732
1581,won,won,732
1582,oohs,oohs,733
1583,ooze,ooze,733
1584,overdo,overdo,734
1585,overdue,overdue,734
1586,overseas,overseas,735
1587,oversees,oversees,735
1588,p,p,736
1589,pea,pea,736
1591,pa,pa,737
1592,pah,pah,737
1593,pas,pas,737
1594,paced,paced,738
1595,paste,paste,738
1596,packed,packed,739
1597,pact,pact,739
1598,packs,packs,740
1599,pax,pax,740
1600,paid,paid,741
1601,payed,payed,741
1602,pail,pail,742
1603,pale,pale,742
1604,pain,pain,743
1605,pane,pane,743
1606,pained,pained,744
1607,paned,paned,744
1608,pair,pair,745
1609,pare,pare,745
1610,pear,pear,745
1611,pere,pere,745
1612,paired,paired,746
1613,pared,pared,746
1614,pairing,pairing,747
1615,paring,paring,747
1616,palate,palate,748
1618,palette,palette,748
1617,pallet,pallet,748
1619,pall,pall,749
1620,Paul,Paul,749
1621,pawl,pawl,749
1622,pampas,pampas,750
1623,pompous,pompous,750
1624,pan,pan,751
1625,panne,panne,751
1626,pard,pard,752
1627,parred,parred,752
1628,parol,parol,753
1629,parole,parole,753
1630,passable,passable,754
1631,passible,passible,754
1633,passed,passed,755
1632,past,past,755
1634,paten,paten,756
1635,patten,patten,756
1636,patience,patience,757
1637,patients,patients,757
1638,pause,pause,758
1639,paws,paws,758
1640,pe,pe,759
1589,pea,pea,759
1590,pee,pee,759
1641,peace,peace,760
1642,piece,piece,760
1643,peak,peak,761
1644,peek,peek,761
1645,peke,peke,761
1646,pique,pique,761
1647,peaked,peaked,762
1648,peeked,peeked,762
1649,piqued,piqued,762
1650,peal,peal,763
1651,peel,peel,763
1652,pealed,pealed,764
1653,peeled,peeled,764
1654,pealing,pealing,765
1655,peeling,peeling,765
1656,peals,peals,766
1657,peels,peels,766
1658,pean,pean,767
1659,peen,peen,767
1660,pearl,pearl,768
1661,purl,purl,768
1662,peas,peas,769
1663,pease,pease,769
1664,pees,pees,769
1665,pecten,pecten,770
1666,pectin,pectin,770
1667,pedal,pedal,771
1668,peddle,peddle,771
1669,pedalled,pedalled,772
1670,peddled,peddled,772
1671,pedals,pedals,773
1672,peddles,peddles,773
1673,peer,peer,774
1674,pier,pier,774
1675,pelisse,pelisse,775
1676,police,police,775
1677,penance,penance,776
1678,pennants,pennants,776
1679,pencel,pencel,777
1680,pencil,pencil,777
1681,pensile,pensile,777
1682,pend,pend,778
1683,penned,penned,778
1684,penitence,penitence,779
1685,penitents,penitents,779
1686,penni,penni,780
1687,penny,penny,780
1688,per,per,781
1689,purr,purr,781
1690,permanence,permanence,782
1691,permanents,permanents,782
1692,perse,perse,783
1693,purse,purse,783
1694,pew,pew,784
1695,piu,piu,784
1696,phosphorescence,phosphorescence,785
1697,phosphorescents,phosphorescents,785
1698,pi,pi,786
1699,pie,pie,786
1700,pic,pic,787
1701,pick,pick,787
1702,pica,pica,788
1703,pika,pika,788
1704,picks,picks,789
1705,pix,pix,789
1706,pyx,pyx,789
1707,picnic,picnic,790
1708,pyknic,pyknic,790
1709,pidgin,pidgin,791
1710,pigeon,pigeon,791
1711,pistil,pistil,792
1712,pistol,pistol,792
1713,pixie,pixie,793
1714,pyxie,pyxie,793
1715,place,place,794
1716,plaice,plaice,794
1717,plain,plain,795
1718,plane,plane,795
1719,plainer,plainer,796
1720,planar,planar,796
1721,planer,planer,796
1722,plains,plains,797
1723,planes,planes,797
1724,plait,plait,798
1725,plate,plate,798
1726,plaiter,plaiter,799
1727,plater,plater,799
1728,plaiting,plaiting,800
1729,plating,plating,800
1720,planar,planar,801
1721,planer,planer,801
1730,plantar,plantar,802
1731,planter,planter,802
1732,pleas,pleas,803
1733,please,please,803
1734,pleural,pleural,804
1735,plural,plural,804
1736,plum,plum,805
1737,plumb,plumb,805
1739,plumbs,plumbs,806
1738,plums,plums,806
1740,pocks,pocks,807
1741,pox,pox,807
1742,pokey,pokey,808
1743,poky,poky,808
1744,polar,polar,809
1745,poler,poler,809
1746,poller,poller,809
1747,pole,pole,810
1748,poll,poll,810
1749,poled,poled,811
1750,polled,polled,811
1751,poof,poof,812
1752,pouf,pouf,812
1753,pouffe,pouffe,812
1754,pomace,pomace,813
1755,pumice,pumice,813
1756,popery,popery,814
1757,potpourri,potpourri,814
1758,populace,populace,815
1759,populous,populous,815
2714,populus,populus,815
1760,pore,pore,816
1761,pour,pour,816
1762,pored,pored,817
1763,poured,poured,817
1764,pores,pores,818
1765,pours,pours,818
1766,poring,poring,819
1767,pouring,pouring,819
1768,pottie,pottie,820
1769,potty,potty,820
1770,praise,praise,821
1771,prase,prase,821
1772,prays,prays,821
1773,preys,preys,821
1774,pray,pray,822
1775,prey,prey,822
1776,prayed,prayed,823
1777,preyed,preyed,823
1778,prayers,prayers,824
1779,preyers,preyers,824
1780,praying,praying,825
1781,preying,preying,825
1782,precedence,precedence,826
1783,precedents,precedents,826
1784,precisian,precisian,827
1785,precision,precision,827
1786,premier,premier,828
1787,premiere,premiere,828
1788,presence,presence,829
1789,presents,presents,829
1790,pressed,pressed,830
1791,prest,prest,830
1792,presser,presser,831
1793,pressor,pressor,831
1794,pride,pride,832
1795,pried,pried,832
1796,prier,prier,833
1797,prior,prior,833
1798,pries,pries,834
1799,prise,prise,834
1800,prize,prize,834
1801,prince,prince,835
1802,prints,prints,835
1803,principal,principal,836
1804,principle,principle,836
1805,profit,profit,837
1806,prophet,prophet,837
1807,prophecy,prophecy,838
1808,prophesy,prophesy,838
1809,pros,pros,839
1810,prose,prose,839
1811,psalter,psalter,840
1812,salter,salter,840
1813,psi,psi,841
1814,sigh,sigh,841
1815,xi,xi,841
1816,psychosis,psychosis,842
1817,sycosis,sycosis,842
1818,puer,puer,843
1819,pure,pure,843
1820,pupal,pupal,844
1821,pupil,pupil,844
1822,purest,purest,845
1823,purist,purist,845
1824,puttee,puttee,846
1825,putty,putty,846
1826,puttees,puttees,847
1827,putties,putties,847
669,cue,cue,848
1828,q,q,848
670,queue,queue,848
1829,quad,quad,849
1830,quod,quod,849
1831,quarts,quarts,850
1832,quartz,quartz,850
1833,quean,quean,851
1834,queen,queen,851
1835,quince,quince,852
1836,quints,quints,852
1837,rabbet,rabbet,853
1838,rabbit,rabbit,853
1839,rack,rack,854
1840,wrack,wrack,854
1841,racked,racked,855
1842,wracked,wracked,855
1843,racket,racket,856
2671,rackett,rackett,856
1844,racquet,racquet,856
1845,racking,racking,857
1846,wracking,wracking,857
1847,racks,racks,858
1848,rax,rax,858
1849,wracks,wracks,858
1850,raid,raid,859
1851,rayed,rayed,859
1852,rail,rail,860
1853,rale,rale,860
1854,rain,rain,861
1855,reign,reign,861
1856,rein,rein,861
1857,rained,rained,862
1858,reigned,reigned,862
1859,reined,reined,862
1860,rains,rains,863
1861,reigns,reigns,863
1862,reins,reins,863
1863,raise,raise,864
1864,rase,rase,864
1865,rays,rays,864
1866,raze,raze,864
1867,raised,raised,865
1868,razed,razed,865
1869,raiser,raiser,866
1870,razer,razer,866
1871,razor,razor,866
1872,rancor,rancor,867
1873,ranker,ranker,867
1874,rang,rang,868
1875,wrang,wrang,868
1876,rap,rap,869
1877,wrap,wrap,869
1878,rapped,rapped,870
1879,rapt,rapt,870
1880,wrapped,wrapped,870
1881,rapper,rapper,871
1882,wrapper,wrapper,871
1883,rapping,rapping,872
1884,wrapping,wrapping,872
1885,raps,raps,873
1886,wraps,wraps,873
1887,rathe,rathe,874
1888,wraith,wraith,874
1889,ray,ray,875
1890,re,re,875
1891,read,read,876
1892,rede,rede,876
1893,reed,reed,876
1891,read,read,877
1894,red,red,877
1895,redd,redd,877
1896,reading,reading,878
1897,reeding,reeding,878
1898,real,real,879
1899,reel,reel,879
1900,recede,recede,880
1901,reseed,reseed,880
1902,receipt,receipt,881
1903,reseat,reseat,881
1904,reck,reck,882
1905,wreck,wreck,882
1906,reek,reek,883
1907,wreak,wreak,883
1908,reeking,reeking,884
1909,wreaking,wreaking,884
1910,reeks,reeks,885
1911,wreaks,wreaks,885
1912,relaid,relaid,886
1913,relayed,relayed,886
1914,remittance,remittance,887
1915,remittants,remittants,887
1916,repeal,repeal,888
1917,repeel,repeel,888
1918,resewed,resewed,889
1919,resowed,resowed,889
1920,resewn,resewn,890
1921,resown,resown,890
1922,resews,resews,891
1923,resows,resows,891
1924,resinate,resinate,892
1925,resonate,resonate,892
1926,resistance,resistance,893
1927,resistants,resistants,893
1928,resister,resister,894
1929,resistor,resistor,894
1930,rest,rest,895
1931,wrest,wrest,895
1932,rests,rests,896
1933,wrests,wrests,896
1934,retard,retard,897
1935,retarred,retarred,897
1936,retch,retch,898
1937,wretch,wretch,898
1938,review,review,899
1939,revue,revue,899
1940,reviews,reviews,900
1941,revues,revues,900
1942,rex,rex,901
1943,wrecks,wrecks,901
1944,rheumy,rheumy,902
1945,roomie,roomie,902
1946,roomy,roomy,902
1947,rho,rho,903
1948,roe,roe,903
1949,row,row,903
1950,rhumb,rhumb,904
1951,rum,rum,904
1952,rhyme,rhyme,905
1953,rime,rime,905
1954,rigger,rigger,906
1955,rigor,rigor,906
1956,riggers,riggers,907
1957,rigors,rigors,907
1958,right,right,908
1959,rite,rite,908
1960,wright,wright,908
1961,write,write,908
1962,rights,rights,909
1963,rites,rites,909
1964,wrights,wrights,909
1965,writes,writes,909
1966,rind,rind,910
1967,rynd,rynd,910
1968,ring,ring,911
1969,wring,wring,911
1970,ringer,ringer,912
1971,wringer,wringer,912
1972,rings,rings,913
1973,wrings,wrings,913
1974,riot,riot,914
1975,ryot,ryot,914
1976,rise,rise,915
1977,ryes,ryes,915
1978,ryse,ryse,915
1979,road,road,916
1980,rode,rode,916
1981,rowed,rowed,916
1982,roam,roam,917
1983,Rome,Rome,917
1984,roc,roc,918
1985,rock,rock,918
1948,roe,roe,919
1949,row,row,919
1986,roes,roes,920
1987,rose,rose,920
1988,rows,rows,920
1989,role,role,921
1990,roll,roll,921
1991,roles,roles,922
1992,rolls,rolls,922
1993,roo,roo,923
1994,roux,roux,923
1995,rue,rue,923
1996,rood,rood,924
1997,rude,rude,924
1998,rued,rued,924
1999,roomer,roomer,925
2000,rumor,rumor,925
2001,roos,roos,926
2002,rues,rues,926
2003,ruse,ruse,926
2004,root,root,927
2005,route,route,927
2006,roots,roots,928
2007,routes,routes,928
2008,rosary,rosary,929
2009,rosery,rosery,929
2010,rote,rote,930
2011,wrote,wrote,930
2012,rough,rough,931
2013,ruff,ruff,931
2014,rouse,rouse,932
1988,rows,rows,932
2015,rout,rout,933
2005,route,route,933
1997,rude,rude,935
1998,rued,rued,935
2002,rues,rues,936
2003,ruse,ruse,936
2012,rough,rough,937
2013,ruff,ruff,937
2016,rung,rung,938
2017,wrung,wrung,938
2018,rye,rye,939
2019,wry,wry,939
2020,sac,sac,940
2021,sack,sack,940
2022,sacque,sacque,940
2023,saccharin,saccharin,941
2024,saccharine,saccharine,941
2025,sachet,sachet,942
2026,sashay,sashay,942
2027,sacks,sacks,943
2028,sacs,sacs,943
2029,sax,sax,943
2030,sail,sail,944
2031,sale,sale,944
2032,sails,sails,945
2033,sales,sales,945
2034,sandhi,sandhi,946
2035,sandy,sandy,946
2973,sain,sane,947
2036,sane,seine,947
2037,seine,seine,947
2038,saner,saner,948
2039,seiner,seiner,948
2040,sari,sari,949
2041,sorry,sorry,949
2042,sault,sault,950
2043,sou,sou,950
2044,sue,sue,950
2045,saver,saver,951
2046,savor,savor,951
2047,savior,savior,952
2048,saviour,saviour,952
2049,say,say,953
2050,se,se,953
2051,scalar,scalar,954
2052,scaler,scaler,954
2053,scend,scend,955
2054,send,send,955
2055,scene,scene,956
2056,seen,seen,956
2057,scull,scull,957
2058,skull,skull,957
2059,scye,scye,958
2060,sie,sie,958
1814,sigh,sigh,958
338,sea,sea,959
339,see,see,959
2061,seam,seam,960
2062,seem,seem,960
2063,seamed,seamed,961
2064,seemed,seemed,961
2813,seaman,seamen,962
2065,seamen,semen,962
2066,semen,semen,962
2067,seams,seams,963
2068,seems,seems,963
448,sear,sear,964
449,seer,seer,964
450,sere,sere,964
342,seas,seas,965
343,sees,sees,965
344,seize,seize,965
2069,sects,sects,966
2070,sex,sex,966
2071,seek,seek,967
2072,Sikh,Sikh,967
2073,senate,senate,968
2074,sennet,sennet,968
2075,sennit,sennit,968
2076,sequence,sequence,969
2077,sequents,sequents,969
2078,seraph,seraph,970
2079,serif,serif,970
2080,serf,serf,971
2081,surf,surf,971
2082,serge,serge,972
2083,surge,surge,972
2084,settler,settler,973
2085,settlor,settlor,973
2086,settlers,settlers,974
2087,settlors,settlors,974
2088,sexed,sexed,975
2089,sext,sext,975
2090,sew,sew,976
2091,so,so,976
2092,sow,sow,976
2094,sewed,sewed,977
2095,sowed,sowed,977
2096,sewer,sewer,978
2097,suer,suer,978
2096,sewer,sewer,979
2098,sower,sower,979
2099,sewn,sewn,980
2100,sone,sone,980
2101,sown,sown,980
2102,shake,shake,981
2103,sheik(h),sheik,981
2104,she,she,982
2105,shea,shea,982
2106,shear,shear,983
2107,sheer,sheer,983
2108,shears,shears,984
2109,sheers,sheers,984
2111,she's,she's,985
2110,shes,shes,985
2114,shifery,shifery,986
2112,shivaree,shivaree,986
2113,shivary,shivary,986
2115,shoe,shoe,987
2116,shoo,shoo,987
2117,shoes,shoes,988
2118,shoos,shoos,988
2119,shone,shone,989
2120,shown,shown,989
2121,sic,sic,990
2122,sick,sick,990
2123,sics,sics,991
2124,six,six,991
2125,side,side,992
2126,sighed,sighed,992
2127,sigher,sigher,993
2128,sire,sire,993
2129,sighs,sighs,994
2130,size,size,994
2131,sign,sign,995
2132,sine,sine,995
2133,syne,syne,995
2134,signs,signs,996
2135,sines,sines,996
2136,silence,silence,997
2137,silents,silents,997
520,cinque,cinque,998
521,sink,sink,998
522,sync,sync,998
2138,sinking,sinking,999
2139,synching,synching,999
2140,sioux,sioux,1000
2043,sou,sou,1000
2044,sue,sue,1000
2141,slay,slay,1001
2142,sleigh,sleigh,1001
2143,sleave,sleave,1002
2144,sleeve,sleeve,1002
2145,sleight,sleight,1003
2146,slight,slight,1003
2147,slew,slew,1004
2148,slough,slough,1004
2149,slue,slue,1004
2150,sloe,sloe,1005
2151,slow,slow,1005
2148,slough,slough,1006
2152,sluff,sluff,1006
2153,snees,snees,1007
2154,sneeze,sneeze,1007
2155,soak,soak,1008
2156,soke,soke,1008
2157,soar,soar,1009
2158,sore,sore,1009
2159,soared,soared,1010
2160,sword,sword,1010
2161,sol,sol,1011
2162,sole,sole,1011
2163,soul,soul,1011
2164,sold,sold,1012
2165,soled,soled,1012
2166,some,some,1013
2167,sum,sum,1013
2168,son,son,1014
2169,sun,sun,1014
2170,sunn,sunn,1014
2171,sonny,sonny,1015
2172,sunny,sunny,1015
2173,sons,sons,1016
2174,suns,suns,1016
2175,soot,soot,1017
2176,suit,suit,1017
2177,sous,sous,1018
2178,sues,sues,1018
2179,spade,spade,1019
2180,spayed,spayed,1019
2181,spae,spae,1020
2182,spay,spay,1020
2183,spec,spec,1021
2184,speck,speck,1021
2186,specks,specks,1022
2185,specs,specs,1022
2187,spits,spits,1023
2188,spitz,spitz,1023
2189,spoor,spoor,1024
2190,spore,spore,1024
2191,squaller,squaller,1025
2192,squalor,squalor,1025
2193,stade,stade,1026
2194,staid,staid,1026
2195,stayed,stayed,1026
2196,staff,staff,1027
2197,staph,staph,1027
2198,stair,stair,1028
2199,stare,stare,1028
2200,stake,stake,1029
2201,steak,steak,1029
2202,stakes,stakes,1030
2203,steaks,steaks,1030
2204,stanch,stanch,1031
2205,staunch,staunch,1031
2206,stater,stater,1032
2207,stator,stator,1032
2208,statice,statice,1033
2209,status,status,1033
2210,stationary,stationary,1034
2211,stationery,stationery,1034
2212,steal,steal,1035
2213,steel,steel,1035
2214,stele,stele,1035
2215,stealing,stealing,1036
2216,steeling,steeling,1036
2217,steer,steer,1037
2218,stere,stere,1037
2219,step,step,1038
2220,steppe,steppe,1038
2222,steppes,steppes,1039
2221,steps,steps,1039
2223,sticks,sticks,1040
2224,Styx,Styx,1040
2225,stile,stile,1041
2226,style,style,1041
2227,stoop,stoop,1042
2228,stoup,stoup,1042
2229,stupe,stupe,1042
2230,stoops,stoops,1043
2228,stoup,stoup,1043
2231,stupes,stupes,1043
2232,storey,storey,1044
2233,story,story,1044
2234,straight,straight,1045
2235,strait,strait,1045
2236,straighten,straighten,1046
2237,straiten,straiten,1046
2238,sty,sty,1047
2239,stye,stye,1047
2240,subtler,subtler,1048
2241,sutler,sutler,1048
2242,succor,succor,1049
2243,sucker,sucker,1049
2244,succulence,succulence,1050
2245,succulents,succulents,1050
2246,suede,suede,1051
2247,swayed,swayed,1051
2248,suite,suite,1052
2249,sweet,sweet,1052
2250,suites,suites,1053
2251,sweets,sweets,1053
2252,summary,summary,1054
2253,summery,summery,1054
2254,sundae,sundae,1055
2255,Sunday,Sunday,1055
2256,swat,swat,1056
2257,swot,swot,1056
2258,t,t,1057
2259,tea,tea,1057
2260,tee,tee,1057
2261,ti,ti,1057
2262,tach,tach,1058
2263,tack,tack,1058
2264,tacked,tacked,1059
2265,tact,tact,1059
2266,tacks,tacks,1060
2267,tax,tax,1060
2268,tael,tael,1061
2269,tail,tail,1061
2270,tale,tale,1061
2271,tahr,tahr,1062
2272,tar,tar,1062
2273,tailer,tailer,1063
2274,tailor,tailor,1063
2275,tails,tails,1064
2276,tales,tales,1064
2277,taper,taper,1065
2278,tapir,tapir,1065
2279,tare,tare,1066
2280,tear,tear,1066
2281,taupe,taupe,1067
2282,tope,tope,1067
2283,taught,taught,1068
2284,taut,taut,1068
2285,teal,teal,1069
2286,teil,teil,1069
2287,team,team,1070
2288,teem,teem,1070
2289,teaming,teaming,1071
2290,teeming,teeming,1071
2291,teams,teams,1072
2292,teems,teems,1072
2280,tear,tear,1073
2293,tier,tier,1073
2294,teas,teas,1074
2295,tease,tease,1074
2296,tees,tees,1074
2721,tis,tis,1074
2297,teat,teat,1075
2298,teet,teet,1075
2299,tel,tel,1076
2300,tell,tell,1076
2301,tenner,tenner,1077
2302,tenor,tenor,1077
2303,tense,tense,1078
2304,tents,tents,1078
2305,tenser,tenser,1079
2306,tensor,tensor,1079
2307,terce,terce,1080
2308,terse,terse,1080
2309,tern,tern,1081
2310,terne,terne,1081
2311,turn,turn,1081
2312,Thai,Thai,1082
2313,tie,tie,1082
2314,tye,tye,1082
2315,the,the,1083
2316,thee,thee,1083
2317,their,their,1084
2318,there,there,1084
2319,they're,they're,1084
2320,theirs,theirs,1085
2321,there's,there's,1085
2322,therefor,therefor,1086
2323,therefore,therefore,1086
2324,threw,threw,1087
2325,through,through,1087
2326,thru,thru,1087
2327,throe,throe,1088
2328,throw,throw,1088
2329,throes,throes,1089
2330,throws,throws,1089
2331,throne,throne,1090
2332,thrown,thrown,1090
2333,thyme,thyme,1091
2334,time,time,1091
2335,tic,tic,1092
2336,tick,tick,1092
2338,ticks,ticks,1093
2337,tics,tics,1093
2339,tix,tix,1093
2340,tide,tide,1094
2341,tied,tied,1094
2342,tighten,tighten,1095
2343,titan,titan,1095
2344,tighter,tighter,1096
2345,titer,titer,1096
2346,til,til,1097
2347,till,till,1097
2348,timber,timber,1098
2349,timbre,timbre,1098
2350,tire,tire,1099
2351,tyer,tyer,1099
2803,tyre,tyre,1099
2352,to,to,1100
2353,too,too,1100
2354,two,two,1100
2355,toad,toad,1101
2356,toed,toed,1101
2357,towed,towed,1101
2358,toady,toady,1102
2359,tody,tody,1102
2360,tocsin,tocsin,1103
2361,toxin,toxin,1103
2362,toe,toe,1104
2363,tow,tow,1104
2364,toer,toer,1105
2365,tower,tower,1105
2366,toes,toes,1106
2367,tows,tows,1106
2368,told,told,1107
2369,tolled,tolled,1107
2370,tole,tole,1108
2371,toll,toll,1108
2372,ton,ton,1109
2373,tonne,tonne,1109
2374,tun,tun,1109
2375,tongue,tongue,1110
2376,tung,tung,1110
2377,tool,tool,1111
2378,tule,tule,1111
2379,tulle,tulle,1111
2380,toon,toon,1112
2381,tune,tune,1112
2382,tooter,tooter,1113
2383,tutor,tutor,1113
2384,tooters,tooters,1114
2385,tutors,tutors,1114
2386,tor,tor,1115
2387,tore,tore,1115
2388,tora,tora,1116
2389,torah,torah,1116
2390,torcher,torcher,1117
2391,torture,torture,1117
2392,tort,tort,1118
2393,torte,torte,1118
2394,tough,tough,1119
2395,tuff,tuff,1119
2396,tracked,tracked,1120
2397,tract,tract,1120
2398,trade,trade,1121
2399,trayed,trayed,1121
2400,traitoress,traitoress,1122
2401,traitorous,traitorous,1122
2402,tray,tray,1123
2403,tres(FR),tres,1123
2404,trey,trey,1123
2405,trays,trays,1124
2406,treys,treys,1124
2407,tri,tri,1125
2408,try,try,1125
2409,troche,troche,1126
2410,trochee,trochee,1126
2411,troop,troop,1127
2412,troupe,troupe,1127
2413,trooper,trooper,1128
2414,trouper,trouper,1128
2415,trussed,trussed,1129
2416,trust,trust,1129
2417,tucks,tucks,1130
2418,tux,tux,1130
2419,turban,turban,1131
2420,turbine,turbine,1131
2422,twill,twill,1132
2421,twill,twill,1132
2423,uncal,uncal,1133
2424,uncle,uncle,1133
2425,undo,undo,1134
2426,undue,undue,1134
2427,unreal,unreal,1135
2428,unreel,unreel,1135
2429,vail,vail,1136
2430,vale,vale,1136
2431,veil,veil,1136
2432,vain,vain,1137
2433,vane,vane,1137
2434,vein,vein,1137
2435,valance,valance,1138
2436,valence,valence,1138
2437,variance,variance,1139
2438,variants,variants,1139
2439,venous,venous,1140
2440,Venus,Venus,1140
2441,versed,versed,1141
2442,verst,verst,1141
2443,vial,vial,1142
2444,vile,vile,1142
2445,viol,viol,1142
2446,vice,vice,1143
2447,vise,vise,1143
2448,villous,villous,1144
2449,villus,villus,1144
2450,viscous,viscous,1145
2451,viscus,viscus,1145
2452,wack(s),wack,1146
2453,Wacs,Wacs,1146
2454,wax,wax,1146
2455,whack(s),whack,1146
2456,wade,wade,1147
2457,weighed,weighed,1147
2458,wail,wail,1148
2459,wale,wale,1148
2460,whale,whale,1148
2461,wailer,wailer,1149
2462,waler,waler,1149
2463,whaler,whaler,1149
2464,wain,wain,1150
2465,wane,wane,1150
2466,waist,waist,1151
2467,waste,waste,1151
2468,waisted,waisted,1152
2469,wasted,wasted,1152
2470,waists,waists,1153
2471,wastes,wastes,1153
2472,wait,wait,1154
2473,weight,weight,1154
2474,waited,waited,1155
2475,weighted,weighted,1155
2476,waits,waits,1156
2477,weights,weights,1156
2478,waive,waive,1157
2479,wave,wave,1157
2480,waived,waived,1158
2481,waved,waved,1158
2482,waiver,waiver,1159
2483,waver,waver,1159
2484,waives,waives,1160
2485,waves,waves,1160
2486,waiving,waiving,1161
2487,waving,waving,1161
2488,war,war,1162
2489,wore,wore,1162
2490,ward,ward,1163
2491,warred,warred,1163
2492,ware,ware,1164
2493,wear,wear,1164
2494,weir,weir,1164
2495,where,where,1164
2496,wares,wares,1165
2497,wears,wears,1165
2498,where's,where's,1165
2499,warn,warn,1166
2500,worn,worn,1166
2501,wart,wart,1167
2502,wort,wort,1167
2503,warrantee,warrantee,1168
2504,warrranty,warrranty,1168
2505,watt,watt,1169
2506,what,what,1169
2454,wax,wax,1170
2507,whacks,whacks,1170
2508,way,way,1171
2509,weigh,weigh,1171
2510,whey,whey,1171
2511,ways,ways,1172
2512,weighs,weighs,1172
2513,we,we,1173
2514,wee,wee,1173
2515,whee,whee,1173
2516,weak,weak,1174
2517,week,week,1174
2518,weakly,weakly,1175
2519,weekly,weekly,1175
2521,we'll,we'll,1176
2520,weal,weal,1176
2522,wheal,wheal,1176
2523,wheel,wheel,1176
2524,weald,weald,1177
2525,wheeled,wheeled,1177
2526,wield,wield,1177
2527,wean,wean,1178
2528,ween,ween,1178
2529,weaner,weaner,1179
2530,weiner,weiner,1179
2531,weather,weather,1180
2532,wether,wether,1180
2533,whether,whether,1180
2535,we've,we've,1181
2534,weave,weave,1181
2536,we'd,we'd,1182
2537,weed,weed,1182
2538,we're,we're,1183
2494,weir,weir,1183
2539,weld,weld,1184
2540,welled,welled,1184
2541,wen,wen,1185
2542,when,when,1185
2543,were,were,1186
2544,whir,whir,1186
2545,wet,wet,1187
2546,whet,whet,1187
2547,which,which,1188
2849,wich,wich,1188
2548,witch,witch,1188
2549,whicker,whicker,1189
2550,wicker,wicker,1189
2551,Whig,Whig,1190
2552,wig,wig,1190
2553,while,while,1191
2554,wile,wile,1191
2555,whiled,whiled,1192
2556,wild,wild,1192
2557,whin,whin,1193
2558,win,win,1193
2559,wynn,wynn,1193
2560,whine,whine,1194
2561,wine,wine,1194
2562,whined,whined,1195
2563,wind,wind,1195
2564,wined,wined,1195
2565,wynd,wynd,1195
2566,whinny,whinny,1196
2567,Winnie,Winnie,1196
2568,whirl,whirl,1197
2569,whorl,whorl,1197
2570,whirred,whirred,1198
2571,word,word,1198
2572,whish,whish,1199
2573,wish,wish,1199
2574,whit,whit,1200
2575,wit,wit,1200
2576,whither,whither,1201
2577,wither,wither,1201
2578,Whittier,Whittier,1202
2579,wittier,wittier,1202
1136,whoa,whoa,1203
2580,woe,woe,1203
2581,whop,whop,1204
2582,wop,wop,1204
2583,who's,who's,1205
2584,whose,whose,1205
2585,why,why,1206
2586,wye,wye,1206
2587,y,y,1206
2588,whys,whys,1207
2589,wise,wise,1207
2590,wyes,wyes,1207
2591,wins,wins,1208
2592,winze,winze,1208
2593,won't,won't,1209
2594,wont,wont,1209
2595,wood,wood,1210
2596,would,would,1210
2597,worst,worst,1211
2598,wurst,wurst,1211
2599,xero-,xero-,1212
2600,zero,zero,1212
2601,yack,yack,1213
2602,yak,yak,1213
2603,y'all,y'all,1214
2604,yawl,yawl,1214
2605,yoke,yoke,1215
2606,yolk,yolk,1215
2607,yokes,yokes,1216
2608,yolks,yolks,1216
2609,yore,yore,1217
2611,you're,you're,1217
2610,your,your,1217
2612,you'll,you'll,1218
2613,yule,yule,1218
2614,z,z,1219
2615,zee,zee,1219
2616,-xero,-xero,1220
2600,zero,zero,1220
2621,invade,invade,1221
2620,inveighed,inveighed,1221
2625,babble,babble,1222
2624,babel,babel,1222
2644,radical,radical,1223
2645,radicle,radicle,1223
2646,salver,salver,1224
2647,salvor,salvor,1224
2650,cot,cot,1225
2651,khat,khat,1225
2652,citable,citable,1229
2653,sightable,sightable,1229
2654,sitable,sitable,1229
2657,emerged,emerged,1232
2656,immerged,immerged,1232
2658,emerging,emerging,1233
2659,immerging,immerging,1233
2660,emergence,emergence,1234
2661,immergence,immergence,1234
2662,emergences,emergences,1235
2663,immergences,immergences,1235
2664,emerges,emerges,1236
2665,immerges,immerges,1236
2666,farming,farming,1237
2667,pharming,pharming,1237
2668,deprevation,deprevation,1238
2669,deprivation,deprivation,1238
2680,autarchy,autarchy,1239
2681,autarky,autarky,1239
2684,raki,raki,1240
2685,rocky,rocky,1240
2686,rondeau,rondeau,1241
2687,rondo,rondo,1241
2698,tartar,tartar,1242
2699,tarter,tarter,1242
2704,phosphorous,phosphorous,1243
2705,phosphorus,phosphorus,1243
2708,politic,politic,1244
2709,politick,politick,1244
2756,Taurus,Taurus,1245
2757,torus,torus,1245
2758,freak,freak,1246
2759,phreak,phreak,1246
2765,meeting,meeting,1247
2766,meting,meting,1247
2776,remark,remark,1248
2777,remarque,remarque,1248
2778,reave,reave,1249
2779,reeve,reeve,1249
2780,rieve,rieve,1249
2788,preadolescence,preadolescence,1250
2789,preadolescents,preadolescents,1250
2790,strider,strider,1251
2791,stridor,stridor,1251
2792,sibilance,sibilance,1252
2793,sibilants,sibilants,1252
2794,typhous,typhous,1253
2795,typhus,typhus,1253
2799,gradience,gradience,1254
2800,gradients,gradients,1254
2801,inductance,inductance,1255
2802,inductants,inductants,1255
2786,incandescence,incandescence,1256
2787,incandescents,incandescents,1256
2868,center,center,1257
2869,scenter,scenter,1257
2774,teamed,teamed,1258
2775,teemed,teemed,1258
2872,slayed,slayed,1259
2873,sleighed,sleighed,1259
2874,slaying,slaying,1260
2875,sleighing,sleighing,1260
2877,bach,bach,1261
2878,batch,batch,1261
2879,bached,bached,1262
2880,batched,batched,1262
2881,baching,baching,1263
2882,batching,batching,1263
2883,rooted,rooted,1264
2884,routed,routed,1264
2885,rooting,rooting,1265
2886,routing,routing,1265
2887,insurgence,insurgence,1266
2888,insurgents,insurgents,1266
2889,tambour,tambour,1267
2349,timbre,timbre,1267
2892,ternary,ternary,1268
2891,turnery,turnery,1268
2893,recite,recite,1269
2894,resight,resight,1269
2895,resite,resite,1269
2896,recited,recited,1270
2897,resighted,resighted,1270
2898,resited,resited,1270
2899,reciting,reciting,1272
2900,resighting,resighting,1272
2901,resiting,resiting,1272
2902,receded,receded,1273
2903,reseeded,reseeded,1273
2904,receding,receding,1274
2905,reseeding,reseeding,1274
2906,kneading,kneading,1275
2907,needing,needing,1275
2908,kneads,kneads,1276
2909,needs,needs,1276
2923,clamber,clamber,1277
2910,clammer,clammer,1277
2911,clamor,clamor,1277
2912,canvases,canvases,1278
2913,canvasses,canvasses,1278
2914,complemented,complemented,1279
2915,complimented,complimented,1279
2916,complementing,complementing,1280
2917,complimenting,complimenting,1280
2918,fleche,fleche,1281
2919,flesh,flesh,1281
2920,baht,baht,1282
2921,bot,bot,1282
2655,emerge,emerge,1284
2922,immerge,immerge,1284
2770,trustee,trustee,1285
2771,trusty,trusty,1285
2924,starlet,starlet,1286
2925,starlit,starlit,1286
2926,feal,feal,1287
2927,feel,feel,1287
2928,facts,facts,1288
2929,Fax,Fax,1288
2930,know-how,know-how,1289
2931,no-how,no-how,1289
2932,brunet,brunet,1290
2933,brunette,brunette,1290
2934,whoo,whoo,1291
2935,woo,woo,1291
2938,lo-cal,lo-cal,1292
2937,locale,locale,1292
2939,magnate,magnate,1295
2940,magnet,magnet,1295
2941,mol,mol,1297
2942,mole,mole,1297
2943,whining,whining,1298
2944,wining,wining,1298
2945,whinings,whinings,1299
2946,winings,winings,1299
2947,yores,yores,1300
2948,yours,yours,1300
2949,whines,whines,1301
2950,wines,wines,1301
2951,pois,pois,1303
2952,poise,poise,1303
2674,protean,protean,1304
2675,protein,protein,1304
2953,pubescence,pubescence,1305
2954,pubescents,pubescents,1305
2955,bonds,bonds,1306
2956,bonze,bonze,1306
2958,frits,frits,1307
2959,fritz,fritz,1307
2960,muscat,muscat,1308
2961,musket,musket,1308
2962,gunnel,gunnel,1309
2963,gunwhale,gunwhale,1309
2964,junkie,junkie,1310
2965,junky,junky,1310
2966,repost,repost,1311
2967,riposte,riposte,1311
2969,cubit,cubit,1313
2970,qubit,qubit,1313
2971,kayak,kayak,1314
2972,kyack,kyack,1314
2976,toughed,toughed,1315
2977,tuft,tuft,1315
2978,overate,overate,1316
2979,overrate,overrate,1316
2772,rebilled,rebilled,1318
2773,rebuild,rebuild,1318
2980,auld,auld,1319
2981,awled,awled,1319
2982,dhole,dhole,1320
2983,dole,dole,1320
2984,shoed,shoed,1321
2985,shooed,shooed,1321
2986,fessed,fessed,1322
2987,fest,fest,1322
2926,feal,feal,1323
2927,feel,feel,1323
2988,psammite,psammite,1324
2989,samite,samite,1324
2804,aerial,aerial,1325
2806,ariel,ariel,1325
